<!--
/*
*******************************************************************************
* Copyright (C) 2015, International Business Machines Corporation and         *
* others. All Rights Reserved.                                                *
*******************************************************************************
*/
-->
<deprecates>
	<alias from="de__PHONEBOOK" to="de"  rbpath="/collations/default" value="phonebook"/>
	<alias from="es__TRADITIONAL" to="es" rbpath="/collations/default" value="traditional"/>
	<alias from="in" to="id" />
	<alias from="in_ID" to="id_ID" />
	<alias from="iw" to="he" />
	<alias from="iw_IL" to="he_IL" />
	<alias from="mo" to="ro_MD" />
	<alias from="no" to="nb" />
	<alias from="no_NO" to="nb_NO" />
	<alias from="pa_IN" to="pa_Guru_IN" />
	<alias from="sh" to="sr_Latn" />
	<alias from="sh_BA" to="sr_Latn_BA" />
	<alias from="sh_CS" to="sr_Latn_RS" />
	<alias from="sh_YU" to="sr_Latn_RS" />
	<alias from="sr_BA" to="sr_Cyrl_BA" />
	<alias from="sr_ME" to="sr_Cyrl_ME" />
	<alias from="sr_RS" to="sr_Cyrl_RS" />
	<alias from="zh_CN" to="zh_Hans_CN" />
	<alias from="zh_SG" to="zh_Hans_SG" />
	<alias from="zh_HK" to="zh_Hant_HK" />
	<alias from="zh_MO" to="zh_Hant_MO" />
	<alias from="zh_TW" to="zh_Hant_TW" />
	<emptyLocale locale="de_" />
	<emptyLocale locale="es_" />
	<emptyLocale locale="pa_Guru" />
	<emptyLocale locale="sr_Cyrl" />
	<emptyLocale locale="zh_Hans" />
</deprecates>
